dataset,axprtimeinst,axprtime,cxprtimeinst,cxprtime
openstack,0.976366,0.033668,10.879251,0.241761
openstack,1.904282,0.038086,20.518483,0.250225
openstack,0.172399,0.0431,0.772578,0.077258
openstack,0.439593,0.043959,4.382425,0.168555
openstack,0.345192,0.043149,2.570741,0.160671
openstack,0.27717,0.039596,2.353965,0.117698
openstack,6.338621,0.171314,24.60399,0.410066
openstack,0.072154,0.036077,0.403886,0.036717
openstack,0.258157,0.051631,1.284608,0.098816
openstack,4.357357,0.060519,35.23691,0.496295
openstack,0.818638,0.062972,6.939336,0.204098
openstack,8.422042,0.123854,49.596714,0.500977
openstack,1.27131,0.066911,7.862447,0.302402
openstack,7.18364,0.140856,45.299815,0.854713
openstack,0.698606,0.043663,11.468395,0.424755
openstack,1.157621,0.096468,8.040211,0.349574
openstack,0.342924,0.026379,3.914693,0.12628
openstack,4.593557,0.183742,32.064261,0.890674
openstack,0.60763,0.043402,6.51733,0.210236
openstack,0.633303,0.037253,7.026495,0.226661
openstack,1.708032,0.044948,12.244261,0.255089
openstack,0.36297,0.036297,3.365259,0.197956
openstack,2.438753,0.090324,15.744282,0.524809
openstack,0.333808,0.030346,3.749317,0.163014
openstack,2.242608,0.044852,19.48193,0.347892
openstack,1.315585,0.046985,12.598999,0.286341
openstack,5.608248,0.080118,36.28922,0.511116
openstack,0.778585,0.051906,8.673241,0.309759
openstack,3.349141,0.042394,30.382006,0.330239
openstack,2.901202,0.061728,26.33052,0.365702
openstack,9.021,0.173481,51.752165,0.690029
openstack,1.030465,0.114496,5.067085,0.361935
openstack,0.160495,0.053498,0.510143,0.046377
openstack,0.975681,0.033644,10.025357,0.323399
openstack,3.84509,0.098592,15.904962,0.311862
openstack,0.076025,0.038013,0.442571,0.040234
openstack,3.601947,0.078303,36.667159,0.621477
openstack,0.024504,0.024504,0.433302,0.036108
openstack,1.833396,0.070515,13.929966,0.273137
openstack,0.258855,0.043142,1.457534,0.097169
openstack,0.097946,0.024486,0.685716,0.045714
openstack,0.435694,0.145231,0.99484,0.110538
openstack,0.594278,0.037142,8.541298,0.213532
openstack,7.400811,0.125437,46.399808,0.653518
openstack,0.884045,0.07367,4.895698,0.181322
openstack,3.997486,0.063452,33.08832,0.376004
openstack,2.528377,0.068335,17.480183,0.388449
openstack,4.905157,0.083138,41.857606,0.536636
openstack,10.026956,0.141225,73.465563,0.864301
openstack,0.470944,0.033639,5.173056,0.272266
openstack,3.427123,0.076158,36.089143,0.555218
openstack,2.430338,0.065685,24.405593,0.581086
openstack,0.17807,0.044518,0.794916,0.061147
openstack,1.671455,0.059695,14.333266,0.292516
openstack,0.306076,0.102025,1.579622,0.121509
openstack,3.9941,0.071323,33.948278,0.446688
openstack,3.365661,0.056094,32.145224,0.34197
openstack,0.533835,0.026692,6.63566,0.161845
openstack,0.16047,0.040117,0.580895,0.05809
openstack,0.284621,0.031625,2.664128,0.102466
openstack,1.766742,0.051963,13.356161,0.284174
openstack,0.173119,0.04328,0.654324,0.059484
openstack,1.677579,0.050836,15.545686,0.2253
openstack,0.108484,0.036161,0.519745,0.043312
openstack,0.012082,0.012082,0.283439,0.021803
openstack,0.257649,0.023423,2.764415,0.115184
openstack,1.747545,0.048543,23.061155,0.349411
openstack,0.265876,0.033234,1.216453,0.093573
openstack,0.54519,0.036346,7.289034,0.202473
openstack,1.210335,0.075646,7.61721,0.29297
openstack,6.244456,0.312223,12.951669,0.46256
openstack,0.139001,0.046334,0.360323,0.036032
openstack,0.412339,0.041234,6.681878,0.167047
openstack,0.50937,0.050937,5.988342,0.260363
openstack,4.528627,0.085446,36.456802,0.528359
openstack,3.651369,0.065203,29.977695,0.348578
openstack,1.870214,0.05195,14.861417,0.228637
openstack,2.701643,0.065894,20.113957,0.372481
openstack,0.392962,0.030228,5.086094,0.211921
openstack,10.595574,0.294321,36.284448,0.755926
openstack,6.88932,0.140598,30.709266,0.458347
openstack,0.647678,0.026987,6.056008,0.173029
openstack,11.111819,0.336722,28.222051,0.613523
openstack,3.255891,0.217059,11.798942,0.436998
openstack,0.731362,0.073136,3.921836,0.261456
openstack,1.293601,0.08085,7.449814,0.25689
openstack,4.173547,0.149055,14.493951,0.517641
openstack,0.171017,0.042754,0.684698,0.06847
openstack,3.699012,0.092475,20.498682,0.347435
openstack,1.360558,0.043889,11.813607,0.210957
openstack,10.365691,0.178719,57.982101,0.920351
openstack,0.920372,0.028762,12.584603,0.251692
openstack,8.312801,0.180713,26.751976,0.514461
openstack,0.052229,0.052229,0.411817,0.037438
openstack,12.902023,0.14178,53.285589,0.612478
openstack,1.030521,0.054238,7.475549,0.213587
openstack,0.101524,0.101524,0.277465,0.030829
openstack,5.169149,0.117481,30.857514,0.771438
openstack,0.186022,0.062007,0.621321,0.056484
openstack,0.61721,0.077151,2.503512,0.208626
openstack,0.026895,0.026895,0.340916,0.02841
openstack,0.960699,0.064047,6.93817,0.256969
openstack,2.232724,0.07699,12.635989,0.300857
openstack,0.296054,0.049342,2.871405,0.179463
openstack,0.063549,0.063549,0.260469,0.026047
openstack,0.4063,0.033858,5.433451,0.194052
openstack,2.22818,0.089127,15.187654,0.361611
openstack,0.475565,0.047557,3.732372,0.169653
openstack,12.964572,0.199455,49.761119,0.700861
openstack,3.88066,0.133816,15.468499,0.257808
openstack,7.932545,0.127944,42.879672,0.603939
openstack,1.396169,0.055847,12.945046,0.308215
openstack,1.277844,0.039933,15.50541,0.344565
openstack,0.124659,0.06233,0.448764,0.040797
openstack,9.423202,0.130878,44.902234,0.488068
openstack,0.718418,0.059868,5.764907,0.240204
openstack,8.626865,0.146218,35.057799,0.480244
openstack,1.878226,0.072239,14.611163,0.332072
openstack,7.365236,0.049102,51.338015,0.259283
openstack,1.805444,0.12896,11.190227,0.414453
openstack,0.599922,0.027269,7.934339,0.247948
openstack,2.365586,0.157706,21.422124,1.947466
openstack,0.994076,0.066272,9.474723,0.338383
openstack,0.351161,0.035116,3.405137,0.189174
openstack,4.840837,0.098793,42.329123,0.783873
openstack,0.376169,0.041797,3.003655,0.150183
openstack,2.761368,0.070804,24.442312,0.43647
openstack,0.331817,0.055303,2.267985,0.151199
openstack,0.404256,0.040426,4.254046,0.177252
openstack,0.891533,0.040524,9.438361,0.325461
openstack,0.384331,0.032028,3.440963,0.191165
openstack,0.432056,0.086411,2.294372,0.17649
openstack,3.393998,0.130538,19.178836,0.491765
openstack,8.72913,0.140792,46.055008,0.575688
openstack,1.511314,0.047229,15.429215,0.395621
openstack,0.104075,0.034692,0.684352,0.057029
openstack,6.350491,0.105842,43.339475,0.570256
openstack,0.013295,0.013295,0.323743,0.024903
openstack,0.489468,0.032631,4.874359,0.147708
openstack,0.225517,0.056379,1.670888,0.111393
openstack,1.258184,0.074011,8.844868,0.260143
openstack,6.937079,0.038326,66.153265,0.286378
openstack,6.96798,0.105575,59.528085,0.684231
openstack,7.677255,0.051873,52.15282,0.263398
openstack,0.013629,0.013629,0.492444,0.03788
openstack,0.073866,0.036933,0.387882,0.032324
openstack,6.763459,0.161035,26.244416,0.477171
openstack,0.292708,0.036589,3.678245,0.126836
openstack,1.661318,0.166132,5.045361,0.315335
openstack,0.63151,0.042101,4.560246,0.152008
openstack,0.102409,0.034136,0.636668,0.053056
openstack,7.448109,0.152002,53.480266,0.922074
openstack,4.59694,0.120972,26.462786,0.464259
openstack,2.774059,0.074975,17.494601,0.437365
openstack,0.096244,0.032081,0.653285,0.05444
openstack,1.528981,0.109213,9.973211,0.453328
openstack,5.273652,0.057952,54.45074,0.513686
openstack,9.525394,0.194396,37.627352,0.616842
openstack,0.125392,0.041797,0.537078,0.048825
openstack,5.011417,0.125285,19.827491,0.421862
openstack,4.20658,0.120188,18.078666,0.451967
openstack,0.038408,0.038408,0.309061,0.028096
openstack,14.966009,0.166289,59.730018,0.543
openstack,2.576513,0.066064,18.905648,0.35671
openstack,1.552549,0.110896,6.680063,0.222669
openstack,1.453603,0.066073,11.622503,0.276726
openstack,11.011005,0.180508,46.626335,0.638717
openstack,0.923475,0.061565,5.869477,0.326082
openstack,5.427651,0.123356,33.438994,0.66878
openstack,1.610843,0.10739,7.46821,0.298728
openstack,7.099245,0.037364,71.303431,0.288678
openstack,3.764822,0.083663,29.307656,0.424749
openstack,3.483378,0.129014,18.712612,0.603633
openstack,6.552613,0.15982,36.214887,0.670646
openstack,0.370873,0.041208,4.589699,0.191237
openstack,0.060172,0.060172,0.257473,0.025747
openstack,1.622602,0.054087,13.610385,0.219522
openstack,0.131118,0.032779,1.005985,0.071856
openstack,0.272691,0.090897,1.090576,0.08389
openstack,0.254338,0.036334,1.631984,0.11657
openstack,0.96798,0.107553,5.831524,0.388768
openstack,0.616582,0.029361,7.264149,0.234327
openstack,0.932515,0.04908,10.421803,0.336187
openstack,0.587938,0.09799,4.153865,0.319528
openstack,2.09142,0.056525,17.894246,0.298237
openstack,6.81161,0.109865,41.169238,0.47321
openstack,0.250879,0.03584,2.136698,0.079137
openstack,6.236286,0.097442,51.710894,0.615606
openstack,0.438787,0.029252,5.192712,0.152727
openstack,0.0559,0.02795,0.546709,0.045559
openstack,4.070258,0.107112,19.836966,0.50864
openstack,0.550108,0.039293,5.844888,0.224803
openstack,1.731751,0.091145,8.528909,0.387678
openstack,0.290679,0.036335,1.713258,0.107079
openstack,0.19226,0.038452,1.368446,0.085528
openstack,0.451607,0.075268,1.266531,0.140726
openstack,1.326137,0.042779,12.516473,0.240701
openstack,2.009522,0.154579,12.373401,0.727847
openstack,0.136765,0.034191,0.959768,0.068555
openstack,1.22721,0.042318,12.565155,0.205986
openstack,0.48504,0.016168,8.550138,0.171003
openstack,5.269548,0.150559,19.535811,0.3686
openstack,1.543505,0.046773,12.458784,0.276862
openstack,0.459837,0.025547,5.219448,0.186409
openstack,0.929746,0.038739,11.310947,0.290024
openstack,0.02517,0.02517,0.350267,0.029189
openstack,1.258982,0.062949,8.584986,0.276935
openstack,1.128615,0.045145,13.195954,0.258744
openstack,1.313551,0.06255,12.784403,0.31961
openstack,0.304475,0.050746,2.358961,0.147435
openstack,1.070366,0.048653,10.996918,0.392747
openstack,1.363578,0.061981,11.164332,0.318981
openstack,19.526475,0.10442,82.916341,0.39484
openstack,0.268576,0.026858,2.28531,0.099361
openstack,9.214264,0.153571,56.427905,0.558692
openstack,0.262253,0.029139,2.696407,0.107856
openstack,1.327718,0.078101,6.918493,0.238569
openstack,0.02504,0.02504,0.356148,0.029679
openstack,0.612909,0.061291,4.927957,0.273775
openstack,5.450428,0.08135,36.021109,0.444705
openstack,0.133633,0.066816,0.47767,0.043425
openstack,0.249225,0.035604,2.21148,0.157963
openstack,11.967401,0.067997,70.758011,0.335346
openstack,0.136367,0.045456,0.671081,0.047934
openstack,1.742961,0.145247,5.638789,0.296778
openstack,1.589306,0.049666,15.564192,0.251035
openstack,1.152262,0.060645,9.723108,0.422744
openstack,1.103596,0.052552,9.94692,0.248673
openstack,2.263637,0.094318,12.933075,0.391911
openstack,0.095674,0.031891,0.488037,0.04067
openstack,0.013393,0.013393,0.399089,0.030699
openstack,4.51898,0.110219,36.103147,0.622468
openstack,0.141964,0.017745,0.841118,0.070093
openstack,19.310864,0.102174,85.888598,0.3958
openstack,2.790777,0.071558,21.267993,0.373123
openstack,0.035478,0.035478,0.383356,0.031946
openstack,0.105571,0.03519,0.620368,0.044312
openstack,0.155108,0.038777,0.990637,0.082553
openstack,0.042418,0.042418,0.325005,0.029546
openstack,0.487099,0.032473,4.139352,0.197112
openstack,5.062487,0.110054,35.857289,0.747027
openstack,0.055018,0.027509,0.398285,0.03319
openstack,8.611366,0.183221,38.931527,0.581068
openstack,0.34626,0.05771,4.002162,0.174007
openstack,0.305133,0.038142,3.036222,0.144582
openstack,1.758802,0.065141,12.948474,0.275499
openstack,0.349085,0.038787,3.065484,0.170305
openstack,6.031887,0.201063,22.263164,0.483982
openstack,0.285429,0.035679,3.096522,0.129022
openstack,0.023147,0.023147,0.330056,0.027505
openstack,0.013186,0.013186,0.518702,0.0399
openstack,1.186736,0.06246,11.881726,0.297043
openstack,1.1799,0.035755,10.79866,0.215973
openstack,0.319066,0.035452,1.202752,0.109341
openstack,6.100409,0.174297,28.677305,0.597444
openstack,0.114602,0.028651,0.561748,0.043211
openstack,7.842063,0.044812,70.993704,0.300821
openstack,0.372635,0.033876,3.935182,0.163966
openstack,8.62891,0.118204,59.098845,0.748087
openstack,1.116432,0.044657,8.85234,0.239252
openstack,0.994909,0.047377,7.550988,0.228818
openstack,2.277552,0.045551,24.154021,0.345057
openstack,0.402822,0.040282,4.085012,0.204251
openstack,0.911942,0.021713,12.948547,0.202321
openstack,0.0442,0.0442,0.389075,0.03537
openstack,0.106385,0.035462,0.568595,0.047383
openstack,0.138732,0.046244,0.647708,0.053976
openstack,1.045812,0.040224,11.992297,0.278891
openstack,0.099713,0.049857,0.423022,0.038457
openstack,2.214592,0.13027,14.91542,0.828634
openstack,0.127656,0.042552,0.719729,0.055364
openstack,0.059521,0.059521,0.34006,0.034006
openstack,0.894728,0.042606,8.841024,0.285194
openstack,0.042981,0.042981,0.359425,0.032675
openstack,3.232797,0.124338,13.305065,0.380145
openstack,1.859333,0.04535,17.26443,0.283023
openstack,6.37,0.19303,31.205538,0.557242
openstack,0.025567,0.025567,0.336823,0.028069
openstack,1.431067,0.071553,10.867948,0.301887
openstack,0.629923,0.037054,7.447911,0.195998
openstack,7.120866,0.17368,35.624526,0.791656
openstack,3.155119,0.06439,25.764332,0.515287
openstack,6.528494,0.133235,39.74456,0.673637
openstack,2.318075,0.056538,19.208386,0.304895
openstack,0.055259,0.055259,0.327297,0.029754
openstack,1.213919,0.048557,12.408717,0.318172
openstack,1.393326,0.060579,12.802931,0.278325
openstack,0.013685,0.013685,0.381013,0.029309
openstack,7.053797,0.180867,29.215089,0.531183
openstack,0.635919,0.052993,6.824643,0.21327
openstack,1.274175,0.047192,13.681276,0.342032
openstack,1.261997,0.0631,8.953518,0.279797
openstack,3.403127,0.094531,19.283802,0.363845
openstack,0.74912,0.053509,7.065168,0.220786
openstack,0.570469,0.095078,2.180839,0.145389
openstack,7.664697,0.04405,69.261215,0.294729
openstack,4.250799,0.108995,26.324116,0.506233
openstack,5.134103,0.068455,50.607769,0.588462
openstack,1.527856,0.019588,23.127206,0.173889
openstack,1.575466,0.075022,11.880708,0.270016
openstack,0.44973,0.029982,3.178546,0.144479
openstack,4.120938,0.082419,24.444733,0.44445
openstack,0.614924,0.055902,3.142236,0.174569
openstack,0.589483,0.058948,3.850569,0.192528
openstack,0.070106,0.035053,0.362468,0.032952
openstack,4.276871,0.112549,35.239486,0.568379
openstack,9.450309,0.127707,50.366899,0.530178
openstack,1.762317,0.076622,10.812252,0.327644
openstack,3.706733,0.100182,19.957261,0.35638
openstack,0.050097,0.050097,0.382966,0.034815
openstack,0.902148,0.031109,11.742793,0.202462
openstack,0.430322,0.03586,5.371222,0.191829
openstack,0.655344,0.04369,5.516077,0.26267
openstack,8.683674,0.184759,38.29994,0.649152
openstack,2.38047,0.068013,20.08347,0.418406
openstack,4.824335,0.160811,24.387632,0.530166
openstack,0.414676,0.027645,4.134333,0.133366
openstack,0.089728,0.029909,0.558315,0.046526
openstack,1.302162,0.038299,14.075283,0.287251
openstack,4.857579,0.08832,47.255774,1.005442
openstack,0.622373,0.155593,1.288338,0.117122
openstack,0.152075,0.030415,1.33097,0.078292
openstack,0.518141,0.027271,4.781955,0.149436
openstack,3.562125,0.08284,25.108567,0.557968
openstack,0.119327,0.039776,0.456908,0.041537
openstack,1.088953,0.036298,11.823844,0.21114
openstack,0.733497,0.031891,9.761019,0.227
openstack,13.449268,0.176964,78.049848,1.069176
openstack,5.496605,0.144647,28.671291,0.735161
openstack,0.841442,0.024041,16.835179,0.358195
openstack,3.734345,0.035565,50.041986,0.331404
openstack,4.514068,0.141065,18.524037,0.313967
openstack,1.993761,0.07975,10.468462,0.282931
openstack,4.138321,0.133494,14.094913,0.265942
openstack,1.820564,0.053546,15.454259,0.429285
openstack,0.703272,0.054098,5.415508,0.193411
openstack,2.986876,0.064932,17.495028,0.318091
openstack,8.735374,0.0633,80.489107,0.555097
openstack,0.024055,0.024055,0.28771,0.023976
openstack,2.711935,0.063068,16.407775,0.282893
openstack,0.404654,0.033721,5.601277,0.215434
openstack,0.76971,0.022639,12.606063,0.247178
openstack,19.352009,0.102392,85.404607,0.39357
openstack,0.395657,0.039566,5.399978,0.154285
openstack,0.287682,0.03596,3.596717,0.138335
openstack,0.068598,0.034299,0.333739,0.03034
openstack,0.257467,0.064367,1.136462,0.081176
openstack,0.99614,0.058596,9.6292,0.320973
openstack,0.540347,0.270173,1.064029,0.118225
openstack,2.623895,0.081997,16.350301,0.297278
openstack,2.168865,0.030547,28.782845,0.254715
openstack,11.226863,0.143934,60.884817,0.585431
openstack,1.195708,0.039857,14.220645,0.25394
openstack,1.735573,0.096421,11.714313,0.334695
openstack,2.111066,0.234563,3.560539,0.254324
openstack,0.066312,0.033156,0.307228,0.02793
openstack,0.241988,0.040331,1.931417,0.137958
openstack,1.203392,0.075212,10.052693,0.271694
openstack,2.410396,0.141788,11.386233,0.421712
openstack,0.486418,0.034744,6.115467,0.21841
openstack,0.284041,0.09468,1.571418,0.130952
openstack,0.765257,0.036441,8.105708,0.207839
openstack,0.085967,0.042984,0.486657,0.044242
openstack,2.158879,0.077103,15.475643,0.351719
openstack,0.323198,0.0404,2.940043,0.133638
openstack,2.771628,0.110865,17.15449,0.476514
openstack,1.118708,0.046613,8.15029,0.254697
openstack,4.05843,0.104062,26.402022,0.471465
openstack,0.403296,0.04033,3.00048,0.15792
openstack,7.01224,0.15244,41.280352,0.71173
openstack,2.193363,0.032255,21.208229,0.282776
openstack,0.208944,0.041789,1.175542,0.097962
openstack,0.039088,0.039088,0.320177,0.029107
openstack,0.05229,0.05229,0.439333,0.039939
openstack,3.877014,0.090163,22.521682,0.351901
openstack,0.111804,0.055902,0.444763,0.044476
openstack,3.603502,0.094829,24.292786,0.441687
openstack,0.01394,0.01394,0.356515,0.027424
openstack,0.396398,0.026427,5.265331,0.164542
openstack,1.448432,0.05173,11.844879,0.269202
openstack,0.34848,0.03168,6.698221,0.239222
openstack,4.130477,0.121485,21.206676,0.424134
openstack,3.756922,0.156538,11.748651,0.378989
openstack,0.624752,0.044625,3.729798,0.177609
openstack,2.130693,0.057586,17.530797,0.302255
openstack,0.056147,0.028073,0.343845,0.028654
openstack,1.313161,0.034557,12.924957,0.239351
openstack,0.396895,0.066149,2.02962,0.144973
openstack,1.523492,0.06094,14.251026,0.323887
openstack,0.327965,0.054661,1.339239,0.103018
openstack,1.220644,0.064244,7.978728,0.275129
openstack,0.025232,0.025232,0.444858,0.037071
openstack,0.079358,0.026453,0.480662,0.036974
openstack,0.742743,0.057134,6.577693,0.274071
openstack,7.814976,0.139553,43.757875,0.575762
openstack,0.143883,0.035971,0.95872,0.06848
openstack,0.22209,0.044418,1.747889,0.109243
openstack,1.732015,0.048112,16.138014,0.32276
openstack,0.610628,0.030531,15.341007,0.3335
openstack,0.45464,0.034972,5.235649,0.168892
openstack,0.432842,0.043284,2.108691,0.162207
openstack,0.072724,0.036362,0.495818,0.045074
openstack,0.40309,0.040309,4.086435,0.163457
openstack,0.258057,0.043009,3.19208,0.177338
openstack,0.923142,0.061543,7.123239,0.254401
openstack,0.225888,0.056472,1.799093,0.138392
openstack,0.949556,0.031652,11.571409,0.251552
openstack,5.039112,0.109546,42.383878,0.614259
openstack,10.632008,0.129659,74.943657,0.749437
openstack,0.356954,0.050993,2.462273,0.153892
openstack,1.124419,0.070276,8.55989,0.295169
openstack,5.257694,0.095594,37.285553,0.510761
openstack,0.050054,0.050054,0.351308,0.031937
openstack,8.80164,0.048096,71.769366,0.327714
openstack,0.073289,0.036645,0.459476,0.041771
openstack,0.108564,0.036188,0.713315,0.059443
openstack,0.286519,0.040931,4.588582,0.352968
openstack,3.128211,0.065171,31.992374,0.639847
openstack,2.4937,0.08599,11.426861,0.24841
openstack,3.302798,0.094366,26.931035,0.472474
openstack,0.049892,0.049892,0.340421,0.030947
openstack,5.156562,0.234389,19.774795,0.581612
openstack,0.051622,0.051622,0.411568,0.037415
openstack,0.593855,0.03959,6.488072,0.360448
openstack,1.989289,0.05235,18.106369,0.317656
openstack,1.302997,0.050115,12.902824,0.30721
openstack,0.06828,0.06828,0.353645,0.035364
openstack,3.134702,0.062694,20.677898,0.304087
openstack,0.051887,0.051887,0.306742,0.027886
openstack,5.965282,0.152956,31.056541,0.517609
openstack,3.79727,0.180822,8.345352,0.298048
openstack,8.521336,0.152167,45.045424,0.585006
openstack,2.324332,0.055341,28.344821,0.480421
openstack,12.191838,0.069272,71.173422,0.337315
openstack,6.714269,0.142857,38.031492,0.633858
openstack,0.121012,0.060506,0.408299,0.037118
openstack,1.561533,0.031231,18.285166,0.186583
openstack,1.468547,0.05064,10.449751,0.282426
openstack,1.779302,0.068435,11.827988,0.303282
openstack,1.872904,0.098574,9.246426,0.264184
openstack,0.075886,0.037943,0.512547,0.042712
openstack,5.704013,0.300211,14.022111,0.609657
openstack,0.174436,0.043609,1.347044,0.079238
openstack,0.594457,0.034968,5.350982,0.198185
openstack,1.399924,0.069996,9.213473,0.34124
openstack,0.274941,0.045823,1.843571,0.115223
openstack,3.357849,0.081899,24.582157,0.523025
openstack,0.044129,0.044129,0.340313,0.030938
openstack,1.212565,0.080838,7.95325,0.256556
openstack,0.10133,0.050665,0.351035,0.035104
openstack,1.276533,0.058024,11.793265,0.33695
openstack,1.916378,0.119774,8.31488,0.377949
openstack,3.695194,0.054341,41.836434,0.387374
openstack,0.077383,0.038691,0.378005,0.034364
openstack,0.506745,0.046068,4.380363,0.175215
openstack,0.050541,0.050541,0.310987,0.028272
openstack,0.765588,0.069599,3.573306,0.178665
openstack,1.721638,0.063764,14.455091,0.289102
openstack,0.05085,0.05085,0.28156,0.025596
openstack,0.4742,0.036477,5.480824,0.156595
openstack,0.030825,0.030825,0.469016,0.039085
openstack,0.196453,0.039291,1.276535,0.079783
openstack,0.07303,0.036515,0.439065,0.039915
openstack,0.51821,0.057579,3.337132,0.145093
openstack,0.027428,0.027428,0.435131,0.036261
openstack,0.131183,0.043728,1.041155,0.06941
openstack,0.113945,0.028486,0.504441,0.042037
openstack,0.659109,0.031386,9.996663,0.277685
openstack,0.065016,0.065016,0.443163,0.040288
openstack,0.067354,0.033677,0.432069,0.036006
openstack,1.135325,0.029111,16.064664,0.292085
openstack,0.683655,0.037981,8.718894,0.322922
openstack,2.445633,0.027174,32.909929,0.213701
openstack,1.269603,0.039675,16.275613,0.275858
openstack,4.545088,0.146616,18.680539,0.345936
openstack,7.508257,0.102853,56.618176,0.735301
openstack,0.39276,0.035705,4.02606,0.191717
openstack,0.235153,0.078384,0.817502,0.08175
openstack,2.893568,0.103342,14.973043,0.287943
openstack,0.069686,0.069686,0.27814,0.027814
openstack,8.883111,0.145625,43.565643,0.59679
openstack,2.398503,0.057107,21.91752,0.447296
openstack,3.414117,0.092273,15.948016,0.31896
openstack,3.37405,0.076683,24.226884,0.397162
openstack,4.191869,0.065498,39.188898,0.450447
openstack,0.64676,0.035931,9.473568,0.326675
openstack,2.798956,0.147313,9.454879,0.378195
openstack,2.045675,0.046493,20.201794,0.360746
openstack,1.605209,0.053507,12.882368,0.330317
openstack,8.747904,0.156213,40.685565,0.549805
openstack,6.255302,0.122653,42.758892,0.724727
openstack,8.961975,0.144548,62.056966,0.795602
openstack,0.067984,0.033992,0.402131,0.036557
openstack,3.771476,0.076969,36.927885,0.485893
openstack,6.237309,0.145054,31.653286,0.555321
openstack,12.119226,0.068859,71.365139,0.338223
openstack,3.251074,0.072246,22.746956,0.32038
openstack,2.450766,0.084509,17.343927,0.377042
openstack,1.180944,0.035786,13.908021,0.239793
openstack,0.833562,0.037889,9.799015,0.192138
qt,19.261107,0.093049,246.833213,0.860046
qt,16.682634,0.089212,158.624312,0.570591
qt,30.788305,0.166423,238.070368,0.979713
qt,2.161391,0.039298,43.715255,0.412408
qt,24.30642,0.194451,206.480932,1.116113
qt,32.060005,0.241053,210.721766,1.317011
qt,110.208134,0.529847,310.867416,1.142895
qt,46.418565,0.276301,230.691575,1.083059
qt,29.504591,0.23794,222.287984,1.339084
qt,10.351586,0.141803,76.477547,0.676792
qt,0.260503,0.052101,2.364993,0.102826
qt,55.22312,0.303424,350.093916,1.691275
qt,2.433836,0.021926,47.444748,0.238416
qt,13.344451,0.12709,125.835938,0.886169
qt,26.07424,0.140184,260.325629,1.245577
qt,0.04038,0.04038,0.765144,0.05101
qt,13.43552,0.129188,135.668138,0.775247
qt,34.862785,0.112461,320.492935,0.728393
qt,20.570102,0.247833,121.846712,1.087917
qt,13.521252,0.187795,119.030171,1.026122
qt,22.158266,0.21306,131.130571,0.923455
qt,2.548389,0.020066,48.612703,0.234844
qt,22.342818,0.223428,146.810241,0.785082
qt,2.009484,0.021607,49.513865,0.287871
qt,13.056067,0.057516,97.119816,0.34318
qt,73.049877,0.18974,446.224707,1.104517
qt,21.38953,0.163279,168.770625,0.922244
qt,23.792614,0.18883,132.35841,0.6585
qt,34.040517,0.276752,165.912302,1.01166
qt,0.517913,0.057546,6.384415,0.30402
qt,4.365433,0.072757,43.049579,0.426233
qt,15.262656,0.052995,133.576325,0.360044
qt,0.842927,0.07663,8.055389,0.309823
qt,20.872573,0.132105,162.104368,0.72368
qt,17.971318,0.09169,208.417113,0.699386
qt,6.619453,0.108516,42.669167,0.52678
qt,54.665723,0.167686,445.172315,1.240034
qt,12.474083,0.111376,138.420094,0.935271
qt,21.649848,0.18826,190.335246,1.359537
qt,70.210468,0.184764,366.600104,0.891971
qt,38.943359,0.198691,226.166869,1.130834
qt,50.37607,0.220948,249.508355,0.998033
qt,25.594354,0.236985,174.123458,1.102047
qt,22.836656,0.171704,188.786883,0.993615
qt,31.326828,0.18986,283.268129,1.483079
qt,41.455625,0.151298,298.174074,0.814683
qt,17.908208,0.130717,178.235192,1.036251
qt,19.10152,0.251336,109.855276,1.046241
qt,0.038757,0.038757,0.97653,0.065102
qt,12.826968,0.043928,120.030445,0.354072
qt,15.439661,0.141648,113.002816,0.715208
qt,30.959985,0.236336,178.398886,1.025281
qt,9.496325,0.080477,86.069857,0.478166
qt,62.946945,0.406109,230.685837,1.233614
qt,61.987931,0.364635,426.368911,1.870039
qt,36.520358,0.274589,212.396196,1.021136
qt,26.241784,0.12927,274.386368,0.962759
qt,2.673946,0.023663,50.194411,0.269862
qt,0.658348,0.050642,5.784832,0.214253
qt,12.164641,0.119261,168.279815,1.038764
qt,58.841091,0.184455,431.125144,1.162062
qt,10.053546,0.0426,108.051046,0.377801
qt,0.323945,0.046278,3.804204,0.135864
qt,93.091337,0.351288,496.921488,1.701786
qt,2.188104,0.022102,39.714912,0.236398
qt,12.677966,0.102242,123.37607,0.663312
qt,7.13409,0.097727,70.373067,0.622771
qt,60.411861,0.291845,272.20747,1.231708
qt,19.295265,0.048725,189.023622,0.340583
qt,15.606898,0.049546,129.315343,0.356241
qt,11.766876,0.116504,131.858949,0.969551
qt,75.521184,0.185101,438.362962,0.894618
qt,0.805734,0.033572,10.352982,0.215687
qt,12.655898,0.03679,147.855999,0.346267
qt,10.778745,0.03617,115.161885,0.329977
qt,44.716629,0.256992,276.212774,1.249832
qt,55.319842,0.196868,438.008012,1.203319
qt,1.808227,0.022889,37.697896,0.256448
qt,16.818325,0.164886,160.745021,1.208609
qt,0.523654,0.058184,7.495622,0.18282
qt,26.705104,0.164846,265.915069,1.278438
qt,20.94885,0.11084,160.368583,0.58959
qt,13.604367,0.10546,97.876561,0.556117
qt,39.477188,0.23639,284.119922,1.392745
qt,1.697424,0.089338,12.770034,0.319251
qt,78.458599,0.285304,334.760665,1.123358
qt,28.305353,0.180289,290.753446,1.700313
qt,32.803081,0.121045,346.868379,0.996748
qt,2.034125,0.049613,24.269515,0.307209
qt,7.960535,0.043264,77.977223,0.323557
qt,2.316508,0.020683,43.585329,0.23433
qt,12.815069,0.14239,65.721976,0.543157
qt,18.630683,0.16937,138.586618,0.911754
qt,0.03634,0.03634,0.705711,0.047047
qt,50.405007,0.354965,243.778843,1.425607
qt,10.852425,0.2087,48.345189,0.478665
qt,0.15566,0.051887,1.421004,0.094734
qt,2.253015,0.019763,41.398838,0.233892
qt,7.665721,0.041662,76.724032,0.318357
qt,2.706725,0.017351,48.547376,0.222694
qt,2.391687,0.020797,52.080377,0.263032
qt,1.176024,0.019933,21.097181,0.219762
qt,33.306958,0.188175,241.202172,1.296786
qt,19.218522,0.073634,227.118171,0.573531
qt,20.00312,0.166693,177.267784,1.07435
qt,15.306554,0.136666,137.689469,0.911851
qt,19.370507,0.145643,141.538944,0.729582
qt,0.401497,0.04015,6.528581,0.163215
qt,42.278529,0.179909,365.71608,1.325058
qt,0.075154,0.037577,0.602347,0.040156
qt,22.416928,0.106241,201.014431,0.755693
qt,24.315245,0.16319,188.243496,0.847944
qt,21.832187,0.214041,116.813961,0.858926
qt,2.498271,0.071379,24.757353,0.43434
qt,13.602633,0.097162,202.481235,1.150462
qt,35.641186,0.227014,258.846378,1.171251
qt,9.595035,0.112883,92.074935,0.639409
qt,0.099993,0.049996,1.062977,0.070865
qt,2.422851,0.049446,30.628348,0.340315
qt,7.787723,0.080286,65.564056,0.516252
qt,4.448889,0.025422,60.998692,0.279811
qt,34.913676,0.295879,184.299506,1.236909
qt,19.377448,0.174572,117.214246,0.685463
qt,9.142649,0.056787,132.359408,0.466054
qt,6.012466,0.045549,88.234127,0.414245
qt,24.090704,0.120454,221.090547,0.815832
qt,6.520937,0.100322,54.411677,0.544117
qt,13.243211,0.065887,154.013582,0.562093
qt,10.536041,0.035356,110.596565,0.316896
qt,4.098236,0.105083,39.155703,0.567474
qt,44.140731,0.241206,240.484951,1.145166
qt,0.300367,0.050061,3.118362,0.141744
qt,2.134163,0.018721,51.738814,0.219232
qt,35.483417,0.20161,189.233843,0.693164
qt,11.214673,0.038406,107.36514,0.316711
qt,52.168899,0.168287,386.351031,0.935475
qt,37.423804,0.16782,256.706397,0.864331
qt,3.62986,0.046537,50.941111,0.377342
qt,52.02906,0.185157,376.625376,0.936879
qt,12.535911,0.18168,93.906378,0.83845
qt,9.976635,0.0601,137.092019,0.566496
qt,58.802305,0.243993,310.385013,1.162491
qt,55.186383,0.183343,299.192049,0.885184
qt,9.128142,0.138305,57.038343,0.594149
qt,14.963921,0.356284,67.811378,1.383906
qt,2.151602,0.043032,33.124489,0.32475
qt,18.100831,0.139237,141.51931,0.901397
qt,2.349062,0.020251,55.829128,0.269706
qt,0.23226,0.058065,1.801315,0.090066
qt,10.571835,0.121515,69.873299,0.852113
qt,24.05173,0.203828,193.81107,1.088826
qt,1.802486,0.017332,34.702543,0.2078
qt,13.458573,0.109419,173.680397,0.954288
qt,3.660554,0.021789,63.160482,0.226382
qt,6.308947,0.081934,70.683624,0.584162
qt,3.549658,0.093412,25.138747,0.433427
qt,25.734535,0.139862,124.180597,0.591336
qt,12.337215,0.140196,90.101143,0.703915
qt,16.82219,0.1219,161.483189,0.783899
qt,29.120765,0.264734,147.472275,0.945335
qt,1.750633,0.027788,25.580853,0.23686
qt,4.04169,0.093993,28.784162,0.523348
qt,18.564297,0.117496,97.516654,0.527117
qt,0.357375,0.059562,3.208,0.168842
qt,42.421476,0.242408,212.746996,1.017928
qt,36.562103,0.198707,220.091492,0.965314
qt,36.729694,0.221263,163.785731,0.814854
qt,10.377107,0.111582,103.396419,0.840621
qt,2.625058,0.075002,23.226503,0.362914
qt,37.881046,0.16987,347.407664,1.095923
qt,27.632396,0.251204,140.573187,1.11566
qt,1.607893,0.069908,9.813995,0.2804
qt,12.655183,0.130466,101.461415,0.735228
qt,7.716675,0.041938,76.236265,0.316333
qt,3.142574,0.098205,29.630267,0.559062
qt,0.039798,0.039798,0.817633,0.054509
qt,35.163898,0.213115,286.998103,1.420783
qt,13.062396,0.174165,116.470129,1.26598
qt,13.420494,0.099411,89.871235,0.525563
qt,0.408703,0.045411,3.44144,0.137658
qt,14.428376,0.123319,158.185671,1.047587
qt,17.418544,0.135027,151.904175,0.904192
qt,8.112316,0.132989,37.370697,0.557772
qt,4.16242,0.067136,46.436443,0.566298
qt,0.421579,0.042158,6.914048,0.186866
qt,56.6176,0.100386,346.754803,0.666836
qt,24.509927,0.178905,204.352011,1.238497
qt,0.497943,0.041495,4.698152,0.204267
qt,30.030175,0.187689,225.911231,1.05075
qt,31.923225,0.158036,209.590145,0.83502
qt,3.867029,0.072963,39.64104,0.435616
qt,60.075991,0.244211,268.763508,1.075054
qt,36.575359,0.149899,263.49991,0.808282
qt,64.423929,0.575214,292.898825,2.185812
qt,14.066387,0.120226,109.043429,0.612604
qt,93.375788,0.753031,375.415509,2.571339
qt,1.733743,0.061919,13.923351,0.38676
qt,1.489577,0.093099,8.82306,0.304243
qt,45.54402,0.166828,290.586264,0.937375
qt,8.760879,0.063485,77.224569,0.406445
qt,42.867805,0.154201,395.201966,1.254609
qt,1.239676,0.034435,23.405151,0.307963
qt,13.733541,0.115408,151.068896,0.816589
qt,16.296272,0.074074,161.651523,0.58358
qt,12.826916,0.114526,118.37022,0.778751
qt,0.078479,0.078479,0.510412,0.039262
qt,36.952915,0.239954,211.725157,1.027792
qt,28.38641,0.115392,214.5177,0.703337
qt,55.752852,0.240314,409.948425,1.62035
qt,25.133228,0.212993,214.004758,1.17585
qt,30.246931,0.136247,288.211392,0.976988
qt,12.250878,0.075623,108.892192,0.407836
qt,24.893294,0.063829,249.785768,0.483145
qt,14.097564,0.1424,137.438919,0.864396
qt,55.997009,0.311094,373.000324,1.759435
qt,34.268421,0.215525,175.763515,0.971069
qt,16.941868,0.132358,249.161242,1.440238
qt,7.147188,0.117167,79.766547,0.876555
qt,3.467455,0.091249,19.518003,0.336517
qt,37.467927,0.334535,175.70963,1.273258
qt,19.103961,0.173672,207.174014,1.39043
qt,2.930616,0.049671,38.201457,0.329323
qt,0.406619,0.036965,6.25942,0.215842
qt,74.681843,0.291726,396.951923,1.443462
qt,94.182166,0.274584,541.463311,1.564923
qt,0.360863,0.045108,3.555491,0.126982
qt,21.234162,0.233342,217.254938,1.841144
qt,66.137563,0.153096,460.571201,0.878953
qt,36.125058,0.21894,232.198902,1.160995
qt,72.460229,0.212493,422.524676,1.296088
qt,2.11467,0.050349,25.899924,0.336363
qt,0.489064,0.040755,7.000738,0.175018
qt,0.38716,0.043018,3.398524,0.141605
qt,20.262289,0.137839,202.872872,1.139735
qt,0.74454,0.041363,9.765219,0.195304
qt,49.259798,0.193176,441.235902,1.532069
qt,8.001855,0.042338,99.62082,0.34352
qt,32.256233,0.118155,357.887527,1.002486
qt,4.633541,0.072399,56.250846,0.540874
qt,24.007575,0.156912,234.879185,1.174396
qt,111.140763,0.263367,634.861018,1.311696
qt,6.532738,0.105367,48.236097,0.482361
qt,10.294835,0.091918,66.443853,0.587999
qt,15.534424,0.133917,143.606949,0.834924
qt,16.628472,0.125026,152.342842,0.870531
qt,41.081606,0.20644,300.919209,1.28598
qt,7.988333,0.040757,127.940258,0.419476
qt,3.014204,0.054804,33.00057,0.282056
qt,5.345708,0.071276,43.57808,0.403501
qt,14.867848,0.079935,142.807499,0.538896
qt,4.308888,0.069498,47.604709,0.610317
qt,2.417047,0.043946,29.946697,0.374334
qt,12.952847,0.142339,87.07686,0.584408
qt,11.750804,0.088352,124.34072,0.690782
qt,0.966535,0.05087,13.717217,0.254023
qt,24.790169,0.110179,241.10183,0.923762
qt,7.521886,0.096434,74.430107,0.641639
qt,8.602579,0.094534,57.736416,0.412403
qt,16.236287,0.090202,127.998571,0.537809
qt,3.16343,0.043937,48.467334,0.394043
qt,14.276878,0.151882,151.303621,0.976152
qt,10.737948,0.1107,95.277328,0.793978
qt,1.03526,0.051763,9.77512,0.222162
qt,13.337769,0.229962,74.987386,0.833193
qt,0.26325,0.043875,2.729084,0.113712
qt,1.01109,0.032616,14.001959,0.259296
qt,0.01761,0.01761,0.705524,0.044095
qt,10.763598,0.058498,100.740778,0.353476
qt,25.983494,0.172076,221.624503,0.998309
qt,17.631419,0.169533,111.870325,0.703587
qt,15.248518,0.173279,102.910252,0.864792
qt,0.91595,0.045798,10.534246,0.206554
qt,11.959377,0.108722,89.785582,0.680194
qt,5.163667,0.074836,65.854261,0.627183
qt,9.947348,0.048524,98.937343,0.374763
qt,28.411346,0.137253,255.600114,0.786462
qt,8.812407,0.095787,69.230108,0.576918
qt,18.734899,0.125738,237.473518,1.405169
qt,1.888361,0.026597,27.42766,0.219421
qt,2.451733,0.045402,26.812998,0.262873
qt,13.273943,0.126419,94.864299,0.668058
qt,2.371341,0.043115,28.639203,0.307948
qt,0.650916,0.038289,7.274961,0.181874
qt,2.089307,0.032645,29.446408,0.387453
qt,0.11633,0.058165,0.702586,0.054045
qt,13.67212,0.057933,144.968428,0.469153
qt,10.861013,0.086888,78.314373,0.498818
qt,13.442973,0.116895,101.50284,0.634393
qt,1.04046,0.032514,10.894152,0.23179
qt,2.315675,0.023391,33.785758,0.203529
qt,0.933498,0.026671,13.266968,0.184263
qt,5.905509,0.062163,41.977702,0.346923
qt,23.745754,0.084504,182.085208,0.579889
qt,2.132675,0.027697,28.41967,0.238821
qt,3.124609,0.044637,37.485469,0.320389
qt,7.610145,0.03081,105.239755,0.316035
qt,11.790836,0.075582,113.291233,0.572178
qt,11.885889,0.102465,91.761777,0.641691
qt,33.630455,0.10069,245.433532,0.657999
qt,6.701625,0.079781,54.550257,0.470261
qt,19.593792,0.128907,165.733426,0.886275
qt,0.051782,0.051782,0.504941,0.036067
qt,14.267571,0.093252,105.898433,0.554442
qt,15.558538,0.192081,132.986713,1.176874
qt,4.644232,0.036569,41.083904,0.272079
qt,3.345924,0.03522,37.287598,0.278266
qt,14.17397,0.082407,136.781426,0.657603
qt,1.127191,0.034157,10.670664,0.323353
qt,3.762924,0.039197,39.455848,0.257881
qt,9.634736,0.135701,69.110872,0.853221
qt,13.601704,0.123652,137.535333,1.074495
qt,0.114771,0.038257,0.907989,0.064856
qt,9.947311,0.074234,72.000951,0.382984
qt,7.937614,0.092298,66.736173,0.635583
qt,19.061729,0.107693,149.719322,0.756158
qt,3.057668,0.052718,28.569099,0.288577
qt,2.594505,0.043242,23.003422,0.247349
qt,77.912144,0.14013,420.692959,0.701155
qt,7.869003,0.076398,56.996384,0.575721
qt,11.521771,0.065465,98.971624,0.395886
qt,39.462158,0.145081,246.402064,0.824087
qt,1.413835,0.019637,31.501639,0.236854
qt,0.051143,0.051143,0.465073,0.03322
qt,11.506817,0.057823,136.781313,0.492019
qt,13.976125,0.073948,135.41458,0.581178
qt,17.963263,0.125617,138.12196,0.803035
qt,13.128358,0.068377,113.832595,0.437818
qt,23.583281,0.106231,236.955551,0.749859
qt,7.792196,0.068353,73.328423,0.40738
qt,7.254498,0.043967,90.034067,0.344958
qt,2.374836,0.034418,37.292312,0.305675
qt,10.142806,0.055124,98.472734,0.395473
qt,2.929349,0.077088,32.212927,0.511316
qt,17.867547,0.103881,137.175193,0.725795
qt,26.348234,0.085269,165.991316,0.568463
qt,6.475322,0.050196,65.513238,0.365996
qt,2.627074,0.032433,32.283859,0.260354
qt,8.939499,0.100444,71.750857,0.597924
qt,19.02554,0.082007,124.341586,0.417254
qt,3.768189,0.037682,60.668068,0.327936
qt,6.100137,0.057011,46.550776,0.312421
qt,11.935701,0.074598,168.929773,0.844649
qt,1.135212,0.045408,11.700321,0.229418
qt,0.233729,0.029216,1.450595,0.096706
qt,19.644168,0.130094,74.836534,0.45912
qt,2.804524,0.045234,26.423884,0.246952
qt,20.027322,0.11921,140.820218,0.67702
qt,6.222193,0.102003,38.270736,0.497023
qt,7.337995,0.033355,132.177046,0.370244
qt,51.875093,0.133699,336.862365,0.817627
qt,1.650487,0.050015,16.063826,0.254981
qt,52.813155,0.22284,169.60788,0.767456
qt,5.731656,0.041837,69.925174,0.397302
qt,13.036213,0.061492,90.643206,0.384081
qt,12.279309,0.077228,110.931571,0.602889
qt,0.074524,0.074524,0.406133,0.031241
qt,7.818102,0.073756,88.162932,0.557993
qt,0.678127,0.032292,7.838127,0.191174
qt,23.031505,0.171877,159.109354,0.883941
qt,14.809412,0.051601,159.697233,0.464236
qt,6.531477,0.051429,66.224296,0.396553
qt,0.775592,0.036933,10.726606,0.238369
qt,15.610001,0.151553,81.15452,0.592369
qt,7.507953,0.054405,72.227304,0.334386
qt,8.330982,0.076431,53.280875,0.35759
qt,3.627679,0.037017,46.541663,0.31236
qt,3.035284,0.041017,32.483935,0.272974
qt,15.503522,0.114841,121.31659,0.709454
qt,11.655133,0.121408,75.290086,0.607178
qt,1.463992,0.029877,21.369713,0.218058
qt,0.016262,0.016262,0.553823,0.034614
qt,18.007724,0.097868,154.871805,0.586636
qt,10.706754,0.104968,101.518127,0.769077
qt,1.419699,0.028973,27.745396,0.30158
qt,15.530506,0.120392,115.328749,0.758742
qt,9.61117,0.082147,68.20906,0.410898
qt,22.922737,0.084899,139.554525,0.484564
qt,9.829403,0.056817,110.412661,0.384713
qt,10.048224,0.127193,65.722208,0.714372
qt,3.693125,0.042943,44.948918,0.297675
qt,6.389263,0.076979,63.822162,0.693719
qt,9.411674,0.069203,78.679653,0.322458
qt,2.072698,0.025277,33.108588,0.256656
qt,21.119789,0.203075,144.476331,1.325471
qt,4.128866,0.049745,29.497898,0.342999
qt,11.885673,0.070329,135.915755,0.528855
qt,23.675065,0.093949,131.097815,0.471575
qt,0.180682,0.060227,0.901837,0.069372
qt,14.492625,0.032206,162.200866,0.378091
qt,13.3895,0.093633,78.00908,0.516616
qt,8.507482,0.07334,86.729116,0.489995
qt,31.915228,0.070609,263.261167,0.475201
qt,7.074888,0.059453,51.35553,0.346997
qt,5.72046,0.052481,53.590614,0.345746
qt,11.226686,0.116945,87.951655,0.829733
qt,0.263101,0.04385,1.379064,0.086191
qt,1.92645,0.074094,16.347796,0.347825
qt,18.036122,0.124387,100.674938,0.666721
qt,12.159351,0.081062,111.057406,0.64195
qt,1.537294,0.033419,18.686658,0.22246
qt,10.597474,0.059873,153.817139,0.593889
qt,10.367046,0.055144,106.770696,0.448616
qt,1.15706,0.064281,10.698894,0.237753
qt,0.033233,0.033233,0.529467,0.035298
qt,3.758304,0.02891,50.525312,0.271641
qt,3.668233,0.026016,63.665093,0.263079
qt,0.053678,0.026839,0.470714,0.031381
qt,7.607638,0.047847,98.85028,0.42425
qt,1.507182,0.020367,22.494946,0.19907
qt,2.558953,0.060927,26.351096,0.333558
qt,8.074563,0.087767,55.687087,0.475958
qt,12.132452,0.090541,94.54264,0.546489
qt,2.033154,0.025101,33.048772,0.277721
qt,11.327402,0.055256,96.974851,0.353923
qt,20.77582,0.106543,139.247858,0.570688
qt,1.904979,0.040531,22.961293,0.283473
qt,22.968741,0.057422,171.874777,0.415156
qt,19.420323,0.123696,145.209344,0.718858
qt,2.422448,0.032736,29.092844,0.257459
qt,3.969266,0.026639,71.543666,0.280563
qt,7.433891,0.040846,76.808843,0.269505
qt,2.38105,0.033536,34.554833,0.259811
qt,3.671613,0.050296,45.816326,0.32265
qt,0.370358,0.024691,3.217928,0.146269
qt,32.11741,0.084519,309.503483,0.563759
qt,6.905693,0.063355,54.84759,0.347137
qt,15.988855,0.089825,164.442303,0.699754
qt,17.108123,0.219335,104.24328,0.914415
qt,6.313413,0.041264,96.011243,0.400047
qt,2.707708,0.034714,43.125863,0.301579
qt,0.426791,0.025105,5.068689,0.153597
qt,12.520844,0.156511,62.697252,0.620765
qt,3.694453,0.048611,42.816666,0.256387
qt,0.971608,0.030363,10.953138,0.202836
qt,0.580192,0.02901,8.976449,0.179529
qt,0.435682,0.03112,4.214034,0.162078
qt,2.491477,0.029311,36.161462,0.263952
qt,0.700511,0.024156,17.087252,0.196405
qt,0.03026,0.03026,0.585947,0.039063
qt,7.4371,0.119953,52.339088,0.556799
qt,0.071358,0.035679,0.450778,0.032198
qt,3.206417,0.047153,33.691532,0.336915
qt,20.475485,0.170629,88.606772,0.646765
qt,20.350253,0.102779,155.437211,0.653098
qt,13.242241,0.07524,78.886261,0.42412
qt,2.54589,0.030673,50.940591,0.371829
qt,16.757865,0.107422,112.436498,0.501949
qt,15.212387,0.125722,116.154875,0.735157
qt,3.155283,0.059534,27.565719,0.287143
qt,1.835423,0.031645,38.446838,0.266992
qt,1.845387,0.029764,27.099291,0.294558
qt,6.676084,0.080435,53.68995,0.483693
qt,5.829005,0.087,39.619285,0.373767
qt,21.287227,0.2596,67.916009,0.700165
qt,0.036038,0.036038,0.589778,0.039319
qt,0.59045,0.031076,10.58698,0.160409
qt,3.155888,0.076973,25.50169,0.425028
qt,8.318633,0.084027,54.364571,0.399739
qt,0.202168,0.028881,1.402279,0.070114
qt,1.174266,0.03355,20.167212,0.25209
qt,11.218652,0.042335,160.341943,0.427579
qt,0.336614,0.048088,2.635024,0.119774
qt,0.050675,0.050675,0.621208,0.044372
qt,13.125098,0.064656,114.401822,0.448635
qt,16.411699,0.093781,143.966893,0.716253
qt,0.127065,0.042355,0.9475,0.055735
qt,1.790708,0.031977,22.127073,0.221271
qt,7.49018,0.074902,81.792925,0.548946
qt,7.91673,0.070685,70.940273,0.463662
qt,33.922695,0.083348,226.589395,0.601033
qt,1.025868,0.026304,18.564752,0.269054
qt,12.872524,0.130025,101.579876,0.793593
qt,2.794287,0.041706,34.846909,0.262007
qt,1.809058,0.053208,19.357897,0.280549
qt,1.830243,0.042564,20.249565,0.273643
qt,0.771941,0.022055,11.398447,0.175361
qt,21.228367,0.093107,119.67434,0.41267
qt,2.54302,0.082033,14.483169,0.40231
qt,4.215185,0.031457,69.426242,0.317015
qt,4.158865,0.060273,30.156421,0.376955
qt,2.90558,0.041508,33.069177,0.282643
qt,11.338547,0.032212,165.880471,0.325256
qt,13.772121,0.087721,126.960695,0.585072
qt,8.592043,0.043614,99.555326,0.350547
qt,6.786806,0.061698,58.245131,0.346697
qt,13.017953,0.067802,131.854868,0.46757
qt,0.16645,0.041612,1.107871,0.069242
qt,14.200665,0.114521,116.722188,0.757936
qt,2.159619,0.031759,33.419449,0.263145
qt,9.716702,0.077117,80.162424,0.523937
qt,5.72332,0.056111,64.726806,0.378519
qt,12.103132,0.08347,94.515555,0.576314
qt,15.869565,0.157124,137.094169,1.458449
qt,4.264695,0.03877,47.16183,0.282406
qt,0.259984,0.032498,3.059535,0.09561
qt,15.453125,0.059665,128.068359,0.414461
qt,22.660429,0.136509,206.683846,0.836777
qt,3.102823,0.037839,41.824204,0.307531
qt,11.991936,0.076382,113.096863,0.579984
qt,33.667641,0.139122,177.012478,0.725461
