dataset,rtimeinst,rtime3,rtime2000
openstack,118.344374,39.448125,0.062172
openstack,106.635608,35.545203,0.059165
openstack,136.164123,45.388041,0.074128
openstack,119.945577,39.981859,0.065356
openstack,121.298617,40.432872,0.06584
openstack,96.222158,32.074053,0.054826
openstack,134.895216,44.965072,0.075154
openstack,97.672001,32.557334,0.054539
openstack,105.89743,35.299143,0.058241
openstack,96.920055,32.306685,0.053024
openstack,95.042889,31.680963,0.050593
openstack,78.007364,26.002455,0.043523
openstack,63.919199,21.3064,0.034544
openstack,68.671962,22.890654,0.037537
openstack,92.600608,30.866869,0.052463
openstack,138.389836,46.129945,0.073865
openstack,142.451642,47.483881,0.075522
openstack,116.856213,38.952071,0.064866
openstack,110.255993,36.751998,0.059892
openstack,124.505444,41.501815,0.06466
openstack,9.17625,3.05875,0.004886
openstack,117.777468,39.259156,0.063771
openstack,122.144148,40.714716,0.06797
openstack,103.10449,34.368163,0.056773
openstack,89.391315,29.797105,0.049929
openstack,71.317829,23.77261,0.039345
openstack,81.918462,27.306154,0.044339
openstack,94.743496,31.581165,0.053181
openstack,43.603598,14.534533,0.024021
openstack,80.400181,26.80006,0.044701
openstack,74.4928,24.830933,0.041172
openstack,104.587015,34.862338,0.056975
openstack,132.771741,44.257247,0.068879
openstack,99.326339,33.10878,0.055058
openstack,109.038585,36.346195,0.061319
openstack,128.449855,42.816618,0.067224
openstack,72.795285,24.265095,0.041132
openstack,127.603521,42.534507,0.066825
openstack,92.77103,30.923677,0.051095
openstack,92.853049,30.951017,0.050958
openstack,129.01439,43.004797,0.068158
openstack,102.148513,34.049504,0.054871
openstack,106.058302,35.352767,0.056391
openstack,98.262051,32.754017,0.055258
openstack,130.850112,43.616704,0.06908
openstack,8.435795,2.811932,0.004649
openstack,88.219768,29.406589,0.048823
openstack,81.899482,27.299827,0.046502
openstack,63.554339,21.18478,0.035112
openstack,101.229918,33.743306,0.054639
openstack,77.593435,25.864478,0.042855
openstack,75.353386,25.117795,0.042424
openstack,122.044432,40.681477,0.065147
openstack,59.122685,19.707562,0.034027
openstack,105.586924,35.195641,0.057148
openstack,89.9832,29.9944,0.05093
openstack,77.972199,25.990733,0.041477
openstack,112.405443,37.468481,0.062522
openstack,108.70661,36.235537,0.058209
openstack,7.907899,2.635966,0.00419
openstack,80.685614,26.895205,0.044487
openstack,122.350079,40.78336,0.0672
openstack,122.709548,40.903183,0.067922
openstack,97.235979,32.411993,0.054085
openstack,91.869441,30.623147,0.051689
openstack,77.613889,25.871296,0.040197
openstack,82.612699,27.537566,0.046961
openstack,97.907206,32.635735,0.055836
openstack,88.856408,29.618803,0.050422
openstack,108.837221,36.279074,0.060012
openstack,72.573797,24.191266,0.040395
openstack,109.998555,36.666185,0.06246
openstack,108.208511,36.069504,0.056296
openstack,105.573119,35.19104,0.058596
openstack,87.046012,29.015337,0.049138
openstack,82.699675,27.566558,0.046635
openstack,79.084231,26.36141,0.04362
openstack,81.484329,27.161443,0.045132
openstack,104.226248,34.742083,0.058145
openstack,74.13824,24.712747,0.041033
openstack,75.268637,25.089546,0.041942
openstack,95.648139,31.882713,0.053451
openstack,117.742411,39.24747,0.064764
openstack,111.273838,37.091279,0.061551
openstack,104.512074,34.837358,0.057661
openstack,90.00442,30.001473,0.049961
openstack,100.247037,33.415679,0.05578
openstack,111.277695,37.092565,0.059346
openstack,102.102206,34.034069,0.05549
openstack,101.614649,33.87155,0.056463
openstack,67.662427,22.554142,0.037566
openstack,85.604312,28.534771,0.048265
openstack,105.759167,35.253056,0.059566
openstack,66.168309,22.056103,0.034434
openstack,91.015802,30.338601,0.048097
openstack,69.19512,23.06504,0.038581
openstack,129.831057,43.277019,0.071444
openstack,79.699491,26.566497,0.043389
openstack,90.264772,30.088257,0.050296
openstack,104.52787,34.842623,0.056996
openstack,123.570698,41.190233,0.065084
openstack,88.220294,29.406765,0.048569
openstack,80.997704,26.999235,0.045346
openstack,120.009763,40.003254,0.064176
openstack,122.950109,40.98337,0.067041
openstack,114.277707,38.092569,0.064097
openstack,97.783029,32.594343,0.054995
openstack,89.92974,29.97658,0.047112
openstack,70.147101,23.382367,0.038971
openstack,101.920359,33.973453,0.057693
openstack,83.445672,27.815224,0.046876
openstack,120.194712,40.064904,0.066013
openstack,72.954492,24.318164,0.040621
openstack,104.017668,34.672556,0.057626
openstack,83.406207,27.802069,0.047383
openstack,106.761067,35.587022,0.058253
openstack,76.589379,25.529793,0.043175
openstack,97.470967,32.490322,0.054496
openstack,30.496426,10.165475,0.016856
openstack,113.857233,37.952411,0.062534
openstack,78.658229,26.21941,0.042846
openstack,95.688899,31.8963,0.054582
openstack,101.898942,33.966314,0.054936
openstack,127.05372,42.35124,0.069788
openstack,95.350207,31.783402,0.052884
openstack,95.472644,31.824215,0.051574
openstack,72.58728,24.19576,0.040286
openstack,77.693941,25.89798,0.04281
openstack,96.59396,32.197987,0.053961
openstack,115.891405,38.630468,0.062247
openstack,125.381889,41.793963,0.067073
openstack,112.544055,37.514685,0.061531
openstack,84.814381,28.27146,0.046187
openstack,67.84264,22.614213,0.037913
openstack,118.688477,39.562826,0.065062
openstack,99.805803,33.268601,0.05488
openstack,69.900669,23.300223,0.038434
openstack,117.505615,39.168538,0.064615
openstack,109.430425,36.476808,0.059578
openstack,108.414884,36.138295,0.057982
openstack,81.876747,27.292249,0.046144
openstack,54.915133,18.305044,0.030154
openstack,81.12791,27.042637,0.045236
openstack,51.70537,17.235123,0.029011
openstack,102.714309,34.238103,0.056835
openstack,128.465946,42.821982,0.06898
openstack,95.810921,31.936974,0.053501
openstack,117.669636,39.223212,0.062777
openstack,108.21761,36.072537,0.05969
openstack,101.010702,33.670234,0.056495
openstack,120.122017,40.040672,0.063047
openstack,91.951934,30.650645,0.050497
openstack,69.58024,23.193413,0.038681
openstack,85.046662,28.348887,0.046868
openstack,126.932431,42.31081,0.068006
openstack,76.350578,25.450193,0.043285
openstack,91.239749,30.41325,0.047885
openstack,80.618552,26.872851,0.044479
openstack,121.225886,40.408629,0.064269
openstack,59.195883,19.731961,0.03299
openstack,76.13637,25.37879,0.04254
openstack,129.072377,43.024126,0.069335
openstack,78.332036,26.110679,0.043929
openstack,102.981643,34.327214,0.056622
openstack,82.878362,27.626121,0.045676
openstack,84.029371,28.00979,0.046627
openstack,86.667048,28.889016,0.047694
openstack,112.399396,37.466465,0.061155
openstack,93.192396,31.064132,0.051832
openstack,108.207597,36.069199,0.058114
openstack,34.848585,11.616195,0.019168
openstack,126.159504,42.053168,0.070206
openstack,121.773379,40.591126,0.066774
openstack,81.562717,27.187572,0.044755
openstack,113.775959,37.92532,0.063375
openstack,134.548464,44.849488,0.071455
openstack,85.352259,28.450753,0.047755
openstack,115.635865,38.545288,0.061754
openstack,110.025149,36.67505,0.059909
openstack,58.75131,19.58377,0.031315
openstack,106.415965,35.471988,0.057749
openstack,100.142071,33.38069,0.053452
openstack,101.452996,33.817665,0.055218
openstack,113.598154,37.866051,0.062697
openstack,84.137736,28.045912,0.046662
openstack,76.919551,25.63985,0.044415
openstack,106.485987,35.495329,0.057484
openstack,81.959487,27.319829,0.046594
openstack,110.653606,36.884535,0.059455
openstack,94.457315,31.485772,0.050425
openstack,94.661644,31.553881,0.052784
openstack,129.15798,43.05266,0.067731
openstack,91.727266,30.575755,0.051132
openstack,94.194664,31.398221,0.051587
openstack,110.027262,36.675754,0.060005
openstack,97.861614,32.620538,0.054289
openstack,76.761931,25.58731,0.041954
openstack,101.725652,33.908551,0.05671
openstack,94.088614,31.362871,0.051425
openstack,91.418428,30.472809,0.050886
openstack,96.086164,32.028721,0.04986
openstack,30.826348,10.275449,0.017274
openstack,107.722695,35.907565,0.057177
openstack,95.87057,31.956857,0.052702
openstack,87.73376,29.244587,0.049122
openstack,119.712504,39.904168,0.062334
openstack,97.103168,32.367723,0.052033
openstack,79.441285,26.480428,0.043589
openstack,110.720608,36.906869,0.05973
openstack,117.189226,39.063075,0.062233
openstack,104.949185,34.983062,0.056913
openstack,92.927728,30.975909,0.051962
openstack,30.181788,10.060596,0.016767
openstack,111.082237,37.027412,0.059123
openstack,82.404857,27.468286,0.046478
openstack,115.989211,38.66307,0.063746
openstack,102.829918,34.276639,0.056702
openstack,118.322908,39.440969,0.061801
openstack,107.53939,35.846463,0.058896
openstack,60.782125,20.260708,0.034516
openstack,113.083346,37.694449,0.061426
openstack,109.659335,36.553112,0.058257
openstack,60.435503,20.145168,0.033483
openstack,84.775962,28.258654,0.043961
openstack,104.017081,34.67236,0.057723
openstack,75.195492,25.065164,0.042002
openstack,99.397675,33.132558,0.055565
openstack,74.369918,24.789973,0.041046
openstack,107.858243,35.952748,0.057723
openstack,7.790462,2.596821,0.004165
openstack,90.198174,30.066058,0.049205
openstack,56.502334,18.834111,0.031153
openstack,8.190878,2.730293,0.00444
openstack,69.894005,23.298002,0.038433
openstack,64.94163,21.64721,0.036019
openstack,82.521221,27.507074,0.046061
openstack,110.751963,36.917321,0.058689
openstack,103.608659,34.53622,0.054253
openstack,111.867656,37.289219,0.05941
openstack,99.153318,33.051106,0.053936
openstack,60.65292,20.21764,0.034256
openstack,100.588023,33.529341,0.052106
openstack,92.972916,30.990972,0.05115
openstack,93.680193,31.226731,0.049403
openstack,108.723978,36.241326,0.057193
openstack,75.533503,25.177834,0.041197
openstack,99.016701,33.005567,0.05206
openstack,70.460992,23.486997,0.038426
openstack,110.699077,36.899692,0.058174
openstack,130.529909,43.50997,0.069046
openstack,104.493361,34.83112,0.05521
openstack,89.305226,29.768409,0.05019
openstack,92.018443,30.672814,0.051296
openstack,97.564088,32.521363,0.051954
openstack,76.191645,25.397215,0.042395
openstack,96.636856,32.212285,0.051622
openstack,57.212478,19.070826,0.031613
openstack,113.279352,37.759784,0.059845
openstack,74.313258,24.771086,0.038631
openstack,77.836309,25.945436,0.042125
openstack,91.98797,30.662657,0.049191
openstack,62.003929,20.667976,0.034838
openstack,97.661445,32.553815,0.054783
openstack,106.256926,35.418975,0.057903
openstack,120.884257,40.294752,0.064228
openstack,97.023183,32.341061,0.050463
openstack,114.065223,38.021741,0.061491
openstack,56.807038,18.935679,0.031419
openstack,93.230821,31.07694,0.050403
openstack,87.0471,29.0157,0.048698
openstack,73.010361,24.336787,0.041457
openstack,128.061723,42.687241,0.068174
openstack,94.534998,31.511666,0.050883
openstack,102.550518,34.183506,0.054971
openstack,80.557992,26.852664,0.04231
openstack,78.91586,26.305287,0.043492
openstack,86.734289,28.91143,0.047524
openstack,101.705258,33.901753,0.056457
openstack,79.522907,26.507636,0.045951
openstack,112.800251,37.600084,0.059061
openstack,82.371889,27.457296,0.046217
openstack,64.227202,21.409067,0.036241
openstack,78.818602,26.272867,0.044037
openstack,93.993634,31.331211,0.051622
openstack,77.948467,25.982822,0.041268
openstack,110.240851,36.74695,0.059705
openstack,121.34809,40.449363,0.065712
openstack,101.489821,33.82994,0.053343
openstack,85.671431,28.557144,0.046448
openstack,99.213964,33.071321,0.054193
openstack,97.71403,32.571343,0.055575
openstack,67.370972,22.456991,0.036527
openstack,62.577398,20.859133,0.035064
openstack,114.497371,38.16579,0.06205
openstack,87.789986,29.263329,0.049173
openstack,61.903983,20.634661,0.034238
openstack,91.820079,30.606693,0.051668
openstack,59.230895,19.743632,0.033311
openstack,60.067185,20.022395,0.031228
openstack,89.127796,29.709265,0.049146
openstack,110.608795,36.869598,0.058761
openstack,65.03486,21.678287,0.036092
openstack,91.928482,30.642827,0.050008
openstack,108.223027,36.074342,0.05993
openstack,101.828331,33.942777,0.053417
openstack,70.463898,23.487966,0.038753
openstack,92.345481,30.781827,0.051309
openstack,101.613379,33.871126,0.054458
openstack,81.529731,27.176577,0.044767
openstack,116.221978,38.740659,0.061834
openstack,65.605562,21.868521,0.034209
openstack,104.474203,34.824734,0.054963
openstack,102.596516,34.198839,0.056589
openstack,74.213179,24.737726,0.041505
openstack,65.586411,21.862137,0.036395
openstack,112.674803,37.558268,0.061312
openstack,48.789226,16.263075,0.026292
openstack,106.167367,35.389122,0.0558
openstack,44.211662,14.737221,0.024731
openstack,59.766542,19.922181,0.032767
openstack,90.796042,30.265347,0.050796
openstack,113.459028,37.819676,0.059463
openstack,125.871453,41.957151,0.067655
openstack,87.242198,29.080733,0.048113
openstack,112.384844,37.461615,0.059824
openstack,130.623992,43.541331,0.070321
openstack,103.158044,34.386015,0.054995
openstack,72.148094,24.049365,0.038612
openstack,73.727007,24.575669,0.039985
openstack,57.20771,19.069237,0.031526
openstack,77.87399,25.957997,0.040618
openstack,108.708993,36.236331,0.058663
openstack,109.048607,36.349536,0.060273
openstack,57.481052,19.160351,0.032264
openstack,96.480754,32.160251,0.053754
openstack,105.92235,35.30745,0.058604
openstack,79.837484,26.612495,0.043967
openstack,64.079613,21.359871,0.033646
openstack,110.011648,36.670549,0.059269
openstack,81.51416,27.171387,0.045943
openstack,112.532089,37.510696,0.060648
openstack,54.818228,18.272743,0.028366
openstack,35.599872,11.866624,0.019654
openstack,105.84453,35.28151,0.056728
openstack,114.18508,38.061693,0.060299
openstack,7.972694,2.657565,0.004217
openstack,97.638907,32.546302,0.051418
openstack,91.600651,30.53355,0.051511
openstack,85.939029,28.646343,0.0475
openstack,87.899573,29.299858,0.047699
openstack,79.978138,26.659379,0.041918
openstack,74.035146,24.678382,0.040396
openstack,100.330825,33.443608,0.053611
openstack,86.697362,28.899121,0.047403
openstack,76.567507,25.522502,0.043854
openstack,97.130782,32.376927,0.054161
openstack,110.135846,36.711949,0.058543
openstack,92.34742,30.782473,0.051335
openstack,73.142132,24.380711,0.042075
openstack,87.759089,29.25303,0.049027
openstack,99.311541,33.103847,0.053177
openstack,91.979881,30.65996,0.049631
openstack,122.334594,40.778198,0.066239
openstack,76.167607,25.389202,0.041821
openstack,108.145704,36.048568,0.058954
openstack,92.280304,30.760101,0.050742
openstack,41.699581,13.89986,0.023435
openstack,100.763216,33.587739,0.055529
openstack,106.089083,35.363028,0.056967
openstack,84.472777,28.157592,0.047315
openstack,34.198326,11.399442,0.018702
openstack,106.379615,35.459872,0.057063
openstack,69.556162,23.185387,0.040286
openstack,114.410661,38.136887,0.060847
openstack,85.240024,28.413341,0.047994
openstack,7.484807,2.494936,0.003948
openstack,98.17551,32.72517,0.053995
openstack,109.647526,36.549175,0.057222
openstack,125.742502,41.914167,0.066628
openstack,7.679814,2.559938,0.004126
openstack,104.08519,34.695063,0.056169
openstack,92.892877,30.964292,0.051677
openstack,83.545432,27.848477,0.045979
openstack,8.12753,2.709177,0.004326
openstack,71.853479,23.95116,0.039693
openstack,113.41603,37.805343,0.05993
openstack,78.198451,26.06615,0.043074
openstack,81.72633,27.24211,0.045276
openstack,82.806781,27.60226,0.045623
openstack,89.316036,29.772012,0.050009
openstack,99.492104,33.164035,0.053292
openstack,91.421451,30.473817,0.048806
openstack,94.802104,31.600701,0.049265
openstack,100.073476,33.357825,0.053558
openstack,59.77085,19.923617,0.032969
openstack,98.411905,32.803968,0.052945
openstack,99.360077,33.120026,0.053198
openstack,82.048215,27.349405,0.044519
openstack,91.128893,30.376298,0.04992
openstack,86.071571,28.690524,0.048113
openstack,39.610656,13.203552,0.021844
openstack,114.070157,38.023386,0.06105
openstack,93.428652,31.142884,0.049188
openstack,90.521063,30.173688,0.048912
openstack,99.550309,33.183436,0.052314
openstack,96.028063,32.009354,0.050826
openstack,71.694287,23.898096,0.039027
openstack,60.067714,20.022571,0.033247
openstack,64.174032,21.391344,0.033876
openstack,103.769055,34.589685,0.05524
openstack,88.428664,29.476221,0.048904
openstack,56.288796,18.762932,0.031259
openstack,104.660582,34.886861,0.055639
openstack,47.053221,15.684407,0.026132
openstack,94.481937,31.493979,0.050993
openstack,75.527351,25.175784,0.042072
openstack,85.305235,28.435078,0.045649
openstack,68.130028,22.710009,0.03824
openstack,86.710743,28.903581,0.048721
openstack,62.185623,20.728541,0.034363
openstack,87.39595,29.131983,0.045845
openstack,60.405727,20.135242,0.032847
openstack,105.414986,35.138329,0.056521
openstack,91.682673,30.560891,0.050535
openstack,79.384516,26.461505,0.042892
openstack,88.728071,29.576024,0.05041
openstack,100.035212,33.345071,0.053219
openstack,59.435808,19.811936,0.031548
openstack,121.605275,40.535092,0.062651
openstack,118.459595,39.486532,0.064183
openstack,85.320709,28.440236,0.046647
openstack,52.562521,17.52084,0.030209
openstack,76.889532,25.629844,0.04231
openstack,35.451076,11.817025,0.019817
openstack,8.943221,2.981074,0.00509
openstack,103.648699,34.549566,0.057036
openstack,9.538698,3.179566,0.005088
openstack,87.988913,29.329638,0.049116
openstack,104.110357,34.703452,0.057416
openstack,69.502814,23.167605,0.03841
openstack,124.743762,41.581254,0.064632
openstack,101.003064,33.667688,0.05463
openstack,114.482044,38.160681,0.060005
openstack,106.520282,35.506761,0.058466
openstack,111.504076,37.168025,0.061014
openstack,116.477849,38.82595,0.062358
openstack,102.077339,34.02578,0.056695
openstack,109.318323,36.439441,0.05816
openstack,83.458211,27.819404,0.044753
openstack,109.721718,36.573906,0.060102
openstack,99.60991,33.203303,0.054961
openstack,109.851501,36.617167,0.060196
openstack,73.616604,24.538868,0.037866
openstack,122.970911,40.990304,0.065867
openstack,100.583091,33.527697,0.055309
openstack,110.623795,36.874598,0.060851
openstack,117.768229,39.256076,0.063479
openstack,107.545768,35.848589,0.057432
openstack,115.597802,38.532601,0.062308
openstack,104.130052,34.710017,0.054459
openstack,113.646503,37.882168,0.06198
openstack,130.78017,43.59339,0.068971
openstack,94.476256,31.492085,0.049717
openstack,124.468535,41.489512,0.066687
openstack,122.410311,40.803437,0.063495
openstack,115.906302,38.635434,0.06139
openstack,126.440334,42.146778,0.067748
openstack,128.297852,42.765951,0.069886
openstack,119.41372,39.804573,0.065373
openstack,106.430393,35.476798,0.056368
openstack,65.492149,21.830716,0.036467
openstack,107.952272,35.984091,0.059637
openstack,8.66685,2.88895,0.004615
openstack,127.525298,42.508433,0.070346
openstack,99.608418,33.202806,0.055306
openstack,82.657654,27.552551,0.046004
openstack,124.105266,41.368422,0.065431
openstack,127.339642,42.446547,0.067988
openstack,114.229794,38.076598,0.06117
openstack,49.254551,16.418184,0.027897
openstack,85.051131,28.350377,0.047073
openstack,86.485607,28.828536,0.047347
openstack,85.202804,28.400935,0.048378
openstack,71.681129,23.89371,0.040522
openstack,90.740757,30.246919,0.051163
openstack,110.83361,36.944537,0.059202
openstack,101.655047,33.885016,0.056183
openstack,75.754701,25.251567,0.042388
openstack,86.688637,28.896212,0.046851
openstack,72.07966,24.026553,0.041634
openstack,99.385787,33.128596,0.055212
openstack,81.511514,27.170505,0.046007
openstack,124.80547,41.601823,0.067117
openstack,80.463433,26.821144,0.042854
openstack,64.381109,21.46037,0.036308
openstack,31.36985,10.456617,0.017351
openstack,118.970936,39.656979,0.065779
openstack,86.680711,28.89357,0.047246
openstack,88.923141,29.641047,0.04694
openstack,120.762439,40.254146,0.062893
qt,97.78085,32.593617,0.055139
qt,83.787419,27.92914,0.048863
qt,83.400961,27.80032,0.048273
qt,119.111043,39.703681,0.063287
qt,68.316571,22.77219,0.042299
qt,72.329278,24.109759,0.044055
qt,64.48849,21.496163,0.037883
qt,58.151129,19.38371,0.034777
qt,64.228654,21.409551,0.038076
qt,83.398819,27.799606,0.048293
qt,110.388056,36.796019,0.057393
qt,84.778523,28.259508,0.048776
qt,129.439047,43.146349,0.071337
qt,32.486194,10.828731,0.019477
qt,60.590581,20.19686,0.035556
qt,107.635749,35.878583,0.05705
qt,70.877769,23.625923,0.041004
qt,85.716906,28.572302,0.048772
qt,81.28225,27.094083,0.046745
qt,72.862686,24.287562,0.042099
qt,65.219843,21.739948,0.038583
qt,141.493401,47.164467,0.076697
qt,79.923522,26.641174,0.043999
qt,187.935572,62.645191,0.102356
qt,105.15496,35.051653,0.056804
qt,49.945807,16.648602,0.029463
qt,93.581371,31.19379,0.050127
qt,36.820191,12.273397,0.021736
qt,65.879785,21.959928,0.036853
qt,107.672335,35.890778,0.057858
qt,70.821391,23.60713,0.041492
qt,122.919508,40.973169,0.066233
qt,87.878925,29.292975,0.048215
qt,70.053707,23.351236,0.04081
qt,62.878123,20.959374,0.036978
qt,128.958669,42.986223,0.067421
qt,73.578755,24.526252,0.042408
qt,74.490897,24.830299,0.043159
qt,7.760475,2.586825,0.004572
qt,66.661251,22.220417,0.038755
qt,52.750963,17.583654,0.032355
qt,36.461439,12.153813,0.02144
qt,74.024508,24.674836,0.042336
qt,8.353498,2.784499,0.004972
qt,75.642915,25.214305,0.042393
qt,70.77331,23.591103,0.041165
qt,7.963073,2.654358,0.004712
qt,7.779155,2.593052,0.004585
qt,65.724358,21.908119,0.037369
qt,166.543599,55.514533,0.092011
qt,67.429269,22.476423,0.038659
qt,36.124039,12.041346,0.021008
qt,105.589216,35.196405,0.05437
qt,104.280943,34.760314,0.059575
qt,44.543073,14.847691,0.026606
qt,96.586091,32.195364,0.059674
qt,80.864057,26.954686,0.046093
qt,205.155102,68.385034,0.112333
qt,129.700671,43.233557,0.067719
qt,73.698697,24.566232,0.042648
qt,86.926487,28.975496,0.048716
qt,175.328687,58.442895,0.095706
qt,103.403599,34.467866,0.053479
qt,71.473105,23.824368,0.040659
qt,112.496382,37.498794,0.062016
qt,76.651265,25.550422,0.044487
qt,74.806892,24.935631,0.043327
qt,73.102372,24.367457,0.042215
qt,158.135677,52.711892,0.086305
qt,129.102673,43.034224,0.071765
qt,70.501695,23.500565,0.040072
qt,75.327043,25.109014,0.043403
qt,207.120092,69.040031,0.112005
qt,112.779456,37.593152,0.062293
qt,112.816012,37.605337,0.061658
qt,81.935218,27.311739,0.046709
qt,74.68623,24.89541,0.043007
qt,177.525869,59.17529,0.097159
qt,78.370744,26.123581,0.044711
qt,113.526887,37.842296,0.059704
qt,7.807273,2.602424,0.004591
qt,103.853206,34.617735,0.055529
qt,89.729768,29.909923,0.051165
qt,81.849135,27.283045,0.046588
qt,62.164499,20.7215,0.035835
qt,72.388868,24.129623,0.041236
qt,64.935992,21.645331,0.038666
qt,79.449571,26.48319,0.04582
qt,61.243988,20.414663,0.035112
qt,122.97511,40.991703,0.067668
qt,213.419694,71.139898,0.117537
qt,73.532396,24.510799,0.042321
qt,64.660196,21.553399,0.037197
qt,98.664148,32.888049,0.054825
qt,63.391806,21.130602,0.036722
qt,122.669122,40.889707,0.06446
qt,181.48626,60.49542,0.100176
qt,143.522539,47.840846,0.078918
qt,97.741272,32.580424,0.053866
qt,109.435812,36.478604,0.060304
qt,226.276792,75.425597,0.123941
qt,227.788782,75.929594,0.12133
qt,7.378813,2.459604,0.004406
qt,62.147228,20.715743,0.035063
qt,59.27681,19.758937,0.03584
qt,7.768491,2.589497,0.004646
qt,46.362342,15.454114,0.028199
qt,107.93759,35.979197,0.057768
qt,89.8058,29.935267,0.051374
qt,89.470917,29.823639,0.048508
qt,68.722443,22.907481,0.040115
qt,152.890371,50.963457,0.080297
qt,103.958209,34.652736,0.055925
qt,80.122232,26.707411,0.048308
qt,71.547315,23.849105,0.042743
qt,7.928401,2.6428,0.004721
qt,73.995966,24.665322,0.044128
qt,116.18081,38.726937,0.061342
qt,102.165642,34.055214,0.057801
qt,66.135872,22.045291,0.03813
qt,144.05941,48.019803,0.078902
qt,67.44503,22.481677,0.039565
qt,64.923911,21.641304,0.039022
qt,74.621589,24.873863,0.042545
qt,116.022281,38.674094,0.059661
qt,91.536445,30.512148,0.052577
qt,77.558101,25.8527,0.044604
qt,83.378695,27.792898,0.046537
qt,123.961011,41.320337,0.068338
qt,91.464568,30.488189,0.05119
qt,7.549556,2.516519,0.00468
qt,97.362597,32.454199,0.050105
qt,259.480014,86.493338,0.139921
qt,69.145322,23.048441,0.039957
qt,85.247571,28.415857,0.047101
qt,71.582793,23.860931,0.041691
qt,71.803829,23.93461,0.041358
qt,71.795463,23.931821,0.040129
qt,69.606973,23.202324,0.040291
qt,47.213598,15.737866,0.028516
qt,57.153405,19.051135,0.034284
qt,61.402249,20.467416,0.035179
qt,61.474778,20.491593,0.035669
qt,48.268295,16.089432,0.02869
qt,25.925656,8.641885,0.015592
qt,114.234891,38.078297,0.060075
qt,118.689455,39.563152,0.063271
qt,216.136389,72.045463,0.115654
qt,99.04719,33.01573,0.053496
qt,57.027993,19.009331,0.032327
qt,68.770116,22.923372,0.039621
qt,96.407838,32.135946,0.053702
qt,66.968442,22.322814,0.03926
qt,103.648783,34.549594,0.056371
qt,40.250961,13.416987,0.023421
qt,65.302162,21.767387,0.03789
qt,59.005697,19.668566,0.033806
qt,87.023624,29.007875,0.049991
qt,7.493319,2.497773,0.004634
qt,68.91013,22.970043,0.03987
qt,168.837183,56.279061,0.093349
qt,72.801749,24.26725,0.041504
qt,85.219282,28.406427,0.0482
qt,113.988301,37.9961,0.060286
qt,27.635835,9.211945,0.016894
qt,47.988915,15.996305,0.02779
qt,69.166895,23.055632,0.039996
qt,66.235352,22.078451,0.039396
qt,81.819462,27.273154,0.046934
qt,7.509038,2.503013,0.00451
qt,77.28766,25.762553,0.044358
qt,66.03853,22.012843,0.038817
qt,79.600689,26.533563,0.046222
qt,138.984562,46.328187,0.076198
qt,56.985166,18.995055,0.032702
qt,85.935743,28.645248,0.048085
qt,60.355928,20.118643,0.035513
qt,84.282086,28.094029,0.048067
qt,75.802891,25.26763,0.04331
qt,79.948861,26.64962,0.044821
qt,74.034882,24.678294,0.042465
qt,44.508185,14.836062,0.026722
qt,61.211855,20.403952,0.035291
qt,101.910798,33.970266,0.054094
qt,81.929757,27.309919,0.045819
qt,67.238418,22.412806,0.038069
qt,72.242764,24.080921,0.041396
qt,60.889101,20.296367,0.035902
qt,67.495019,22.49834,0.039046
qt,7.89831,2.63277,0.004754
qt,77.411429,25.80381,0.043643
qt,66.038026,22.012675,0.037957
qt,61.799369,20.59979,0.035385
qt,66.369262,22.123087,0.037459
qt,68.682006,22.894002,0.039921
qt,65.702982,21.900994,0.037508
qt,68.193266,22.731089,0.040203
qt,84.341414,28.113805,0.047984
qt,80.588463,26.862821,0.046877
qt,77.518683,25.839561,0.043334
qt,39.643317,13.214439,0.023199
qt,73.038413,24.346138,0.040823
qt,56.883285,18.961095,0.032955
qt,7.418218,2.472739,0.00443
qt,35.617243,11.872414,0.020158
qt,73.283633,24.427878,0.04299
qt,61.30162,20.433873,0.036193
qt,69.762242,23.254081,0.040439
qt,52.405519,17.468506,0.031022
qt,66.049434,22.016478,0.038725
qt,60.299546,20.099849,0.034131
qt,110.769175,36.923058,0.056775
qt,63.922797,21.307599,0.037386
qt,70.00705,23.335683,0.041238
qt,97.733669,32.57789,0.059113
qt,51.795956,17.265319,0.031082
qt,41.40743,13.802477,0.024878
qt,34.5831,11.5277,0.021737
qt,93.144119,31.04804,0.053531
qt,48.422584,16.140861,0.027845
qt,34.728538,11.576179,0.020559
qt,95.002814,31.667605,0.052631
qt,104.062555,34.687518,0.055534
qt,70.557176,23.519059,0.039654
qt,145.307899,48.435966,0.085839
qt,69.96921,23.32307,0.040303
qt,56.421565,18.807188,0.03291
qt,71.204928,23.734976,0.041106
qt,65.468961,21.822987,0.03969
qt,49.745723,16.581908,0.029335
qt,76.125937,25.375312,0.043237
qt,69.901874,23.300625,0.03976
qt,74.726418,24.908806,0.042135
qt,60.560583,20.186861,0.034649
qt,74.091529,24.697176,0.042023
qt,65.4498,21.8166,0.038296
qt,8.542259,2.84742,0.004691
qt,8.324462,2.774821,0.004953
qt,73.808829,24.602943,0.042739
qt,77.984326,25.994775,0.045007
qt,66.043337,22.014446,0.03823
qt,75.430566,25.143522,0.043684
qt,70.364001,23.454667,0.040284
qt,59.10321,19.70107,0.03388
qt,75.301854,25.100618,0.042218
qt,58.288066,19.429355,0.033714
qt,72.434246,24.144749,0.04091
qt,62.979324,20.993108,0.036181
qt,94.322371,31.44079,0.053177
qt,72.627484,24.209161,0.043322
qt,81.705327,27.235109,0.045859
qt,81.393728,27.131243,0.046665
qt,73.495763,24.498588,0.04321
qt,62.874386,20.958129,0.037378
qt,118.698702,39.566234,0.062098
qt,83.413272,27.804424,0.048231
qt,7.865685,2.621895,0.004715
qt,83.293612,27.764537,0.047333
qt,62.360274,20.786758,0.035604
qt,65.997341,21.999114,0.038107
qt,7.224124,2.408041,0.00442
qt,44.803782,14.934594,0.026819
qt,7.739277,2.579759,0.004523
qt,7.177921,2.39264,0.00422
qt,104.728817,34.909606,0.055348
qt,51.312729,17.104243,0.030574
qt,71.736105,23.912035,0.041503
qt,8.778685,2.926228,0.004802
qt,64.75164,21.58388,0.037567
qt,7.268628,2.422876,0.004336
qt,61.860856,20.620285,0.037049
qt,61.625849,20.54195,0.035575
qt,48.537237,16.179079,0.02864
qt,51.901851,17.300617,0.031464
qt,68.374321,22.79144,0.039284
qt,46.789543,15.596514,0.027267
qt,89.366135,29.788712,0.04969
qt,56.460115,18.820038,0.032935
qt,72.444054,24.148018,0.0414
qt,139.107921,46.369307,0.076141
qt,7.750126,2.583375,0.004675
qt,69.471446,23.157149,0.039022
qt,107.573127,35.857709,0.059232
qt,64.690045,21.563348,0.036979
qt,111.004177,37.001392,0.057329
qt,67.365967,22.455322,0.03776
qt,57.870302,19.290101,0.033539
qt,62.849523,20.949841,0.036237
qt,87.273102,29.091034,0.046898
qt,76.25345,25.417817,0.042938
qt,113.990808,37.996936,0.064715
qt,54.586129,18.195376,0.031192
qt,69.355599,23.118533,0.038985
qt,58.268325,19.422775,0.032141
qt,65.358463,21.786154,0.037824
qt,8.733621,2.911207,0.004817
qt,40.377904,13.459301,0.022857
qt,67.078923,22.359641,0.040376
qt,62.210832,20.736944,0.035718
qt,59.284789,19.761596,0.033871
qt,29.533641,9.844547,0.018422
qt,94.543154,31.514385,0.049308
qt,6.986488,2.328829,0.00411
qt,66.010231,22.00341,0.037517
qt,81.31448,27.104827,0.044377
qt,83.591621,27.863874,0.046085
qt,39.671542,13.223847,0.023913
qt,75.320194,25.106731,0.042162
qt,67.656127,22.552042,0.038813
qt,52.761136,17.587045,0.028885
qt,74.207332,24.735777,0.040896
qt,109.970625,36.656875,0.05759
qt,44.010862,14.670287,0.026156
qt,70.918733,23.639578,0.040308
qt,68.096718,22.698906,0.03903
qt,60.454814,20.151605,0.034286
qt,90.307278,30.102426,0.050426
qt,62.819459,20.93982,0.035441
qt,78.389821,26.12994,0.044303
qt,87.555232,29.185077,0.048408
qt,54.276674,18.092225,0.031737
qt,73.592961,24.530987,0.040032
qt,74.962028,24.987343,0.041622
qt,67.742669,22.58089,0.038659
qt,76.539576,25.513192,0.042695
qt,60.672743,20.224248,0.036062
qt,56.705492,18.901831,0.033074
qt,56.958764,18.986255,0.033291
qt,78.451659,26.150553,0.042846
qt,104.655801,34.885267,0.054367
qt,64.4814,21.4938,0.037744
qt,72.908001,24.302667,0.040944
qt,8.548295,2.849432,0.004789
qt,7.437073,2.479024,0.004482
qt,69.215942,23.071981,0.038986
qt,7.89535,2.631783,0.004668
qt,84.113726,28.037909,0.046687
qt,7.627213,2.542404,0.004704
qt,53.10119,17.700397,0.031198
qt,103.993615,34.664538,0.054893
qt,60.122514,20.040838,0.034995
qt,7.405429,2.468476,0.004358
qt,60.921912,20.307304,0.03476
qt,59.760637,19.920212,0.033613
qt,123.168379,41.056126,0.071654
qt,79.90845,26.63615,0.046248
qt,7.563757,2.521252,0.00446
qt,79.570008,26.523336,0.046818
qt,54.205109,18.06837,0.031571
qt,53.026698,17.675566,0.031191
qt,83.410929,27.803643,0.046839
qt,66.638528,22.212843,0.038509
qt,68.722969,22.907656,0.040262
qt,70.193788,23.397929,0.039571
qt,7.963178,2.654393,0.004682
qt,51.179218,17.059739,0.029947
qt,60.36953,20.123177,0.03382
qt,73.681872,24.560624,0.04235
qt,70.881617,23.627206,0.040782
qt,69.035966,23.011989,0.038635
qt,81.905426,27.301809,0.045888
qt,87.655138,29.218379,0.047839
qt,37.555678,12.518559,0.021975
qt,61.917871,20.63929,0.037486
qt,69.319382,23.106461,0.038998
qt,83.489912,27.829971,0.047547
qt,7.885888,2.628629,0.004555
qt,37.07241,12.35747,0.021629
qt,72.184291,24.06143,0.04133
qt,54.973618,18.324539,0.031835
qt,112.842821,37.614274,0.059647
qt,68.444032,22.814677,0.041011
qt,49.55577,16.51859,0.029428
qt,34.084928,11.361643,0.020139
qt,7.773379,2.591126,0.00452
qt,66.469452,22.156484,0.037119
qt,84.851691,28.283897,0.04775
qt,7.944155,2.648052,0.00468
qt,7.707012,2.569004,0.00453
qt,44.489148,14.829716,0.025878
qt,64.604468,21.534823,0.036714
qt,54.52143,18.17381,0.031392
qt,42.82075,14.273583,0.024463
qt,55.805244,18.601748,0.033701
qt,98.756691,32.918897,0.052744
qt,79.906204,26.635401,0.044305
qt,132.104986,44.034995,0.070612
qt,61.180893,20.393631,0.035737
qt,62.840676,20.946892,0.036047
qt,91.455573,30.485191,0.049691
qt,54.53533,18.178443,0.031351
qt,58.640297,19.546766,0.034073
qt,61.441921,20.48064,0.034745
qt,57.908927,19.302976,0.03424
qt,70.196255,23.398752,0.040189
qt,56.987854,18.995951,0.032946
qt,31.549361,10.516454,0.018476
qt,76.666509,25.555503,0.043324
qt,74.159362,24.719787,0.043193
qt,85.490808,28.496936,0.045916
qt,77.380934,25.793645,0.044732
qt,64.682956,21.560985,0.035463
qt,62.975837,20.991946,0.035942
qt,56.970736,18.990245,0.033692
qt,65.587724,21.862575,0.03765
qt,53.530472,17.843491,0.030603
qt,33.29097,11.09699,0.019221
qt,59.615891,19.871964,0.033689
qt,91.467334,30.489111,0.04841
qt,102.181189,34.060396,0.052358
qt,83.506001,27.835334,0.044885
qt,64.954856,21.651619,0.040126
qt,71.211141,23.737047,0.042914
qt,61.506258,20.502086,0.035066
qt,7.184612,2.394871,0.004206
qt,72.864368,24.288123,0.042209
qt,50.95038,16.98346,0.029492
qt,7.650342,2.550114,0.004476
qt,82.150993,27.383664,0.047336
qt,7.560639,2.520213,0.004216
qt,7.143431,2.381144,0.00418
qt,90.293279,30.09776,0.050493
qt,61.442994,20.480998,0.034919
qt,77.382665,25.794222,0.044344
qt,74.317527,24.772509,0.041658
qt,77.552849,25.85095,0.043859
qt,69.385697,23.128566,0.039169
qt,107.835637,35.945212,0.063981
qt,54.746886,18.248962,0.031395
qt,54.98444,18.328147,0.032131
qt,35.076163,11.692054,0.020013
qt,58.896133,19.632044,0.036305
qt,72.990834,24.330278,0.041014
qt,84.644248,28.214749,0.04821
qt,61.271232,20.423744,0.03485
qt,69.310925,23.103642,0.04018
qt,81.607819,27.202606,0.043972
qt,62.995103,20.998368,0.03716
qt,61.36504,20.455013,0.035512
qt,84.25326,28.08442,0.04703
qt,94.941371,31.647124,0.053429
qt,42.743623,14.247874,0.024961
qt,33.774915,11.258305,0.019657
qt,61.247072,20.415691,0.034933
qt,63.203107,21.067702,0.036301
qt,63.942427,21.314142,0.036453
qt,59.301426,19.767142,0.035297
qt,65.477949,21.825983,0.037389
qt,7.168555,2.389518,0.004088
qt,74.369202,24.789734,0.040911
qt,47.516327,15.838776,0.027731
qt,63.768839,21.25628,0.037207
qt,42.363667,14.121222,0.025729
qt,7.226764,2.408921,0.004353
qt,78.099015,26.033005,0.041818
qt,107.893033,35.964344,0.056059
qt,52.9704,17.6568,0.031419
qt,59.609221,19.86974,0.034425
qt,67.701205,22.567068,0.03862
qt,52.686612,17.562204,0.029602
qt,90.160055,30.053352,0.050396
qt,122.271568,40.757189,0.072232
qt,88.263848,29.421283,0.04836
qt,72.258486,24.086162,0.041414
qt,52.523685,17.507895,0.030262
qt,89.484291,29.828097,0.047468
qt,74.998764,24.999588,0.042958
qt,64.402486,21.467495,0.036949
qt,96.080809,32.026936,0.051627
qt,52.954251,17.651417,0.030708
qt,89.320369,29.773456,0.048797
qt,54.973304,18.324435,0.031204
qt,55.916463,18.638821,0.032432
qt,54.270169,18.090056,0.032332
qt,64.260094,21.420031,0.037186
qt,79.151476,26.383825,0.042692
qt,62.161259,20.72042,0.035873
qt,7.325828,2.441943,0.004419
qt,120.338755,40.112918,0.062912
qt,72.032897,24.010966,0.041866
qt,83.540874,27.846958,0.047289
qt,68.061693,22.687231,0.038371
qt,55.761358,18.587119,0.032501
qt,67.778905,22.592968,0.038547
qt,81.089977,27.029992,0.04442
qt,57.413684,19.137895,0.032672
qt,80.038409,26.67947,0.04534
qt,75.610393,25.203464,0.042403
qt,63.273862,21.091287,0.037395
qt,62.163194,20.721065,0.035545
qt,112.145214,37.381738,0.061369
qt,44.584989,14.861663,0.02634
qt,73.551679,24.517226,0.042376
qt,75.452801,25.150934,0.040924
qt,66.737131,22.24571,0.039599
qt,67.913582,22.637861,0.038406
qt,55.883609,18.62787,0.032147
qt,7.140306,2.380102,0.004273
qt,52.811719,17.603906,0.031605
qt,56.294631,18.764877,0.033529
